operation,result
2 add 1,3.0
1 divide 2,0.5
2 multiply 1,2.0
2 subtract 1,1.0
3 add 1,4.0
1 divide 3,0.3333333333333333
8 add 2,10
8 divide 3,2.666666666666666666666666667
8 multiply 3,24
8 subtract 3,5
12 add 12,24
12 divide 4,3
12 subtract 5,7
16 add 4,20
16 divide 8,2
16 subtract 7,9
20 add 2,22
20 divide 10,2
20 multiply 2,40
20 subtract 7,13
